Time (5-secs),Energy [kWh]
5,0
10,0.008611111
15,0.009583333
20,0.01125
25,0.012777778
30,0.014305556
35,0.015972222
40,0.017638889
45,0.019305556
50,0.021111111
55,0.022916667
60,0.024861111
65,0.026805556
70,0.02875
75,0.030833333
80,0.032916667
85,0.035833333
90,0.038055556
95,0.040277778
100,0.042638889
105,0.045972222
110,0.048333333
115,0.050833333
120,0.053333333
125,0.075277778
130,0.077916667
135,0.080555556
140,0.083333333
145,0.176527778
150,0.179305556
155,0.182222222
160,0.185138889
165,0.202777778
170,0.205833333
175,0.208888889
180,0.212083333
185,0.300138889
190,0.303333333
195,0.306666667
200,0.31
205,0.400972222
210,0.404444444
215,0.407916667
220,0.411388889
225,0.50375
230,0.507361111
235,0.511111111
240,0.514861111
245,0.610416667
250,0.614305556
255,0.618194444
260,0.622083333
265,0.717638889
270,0.721666667
275,0.725694444
280,0.729722222
285,0.825416667
290,0.829583333
295,0.833888889
300,0.838194444
305,0.934166667
310,0.938611111
315,0.943055556
320,0.9475
325,1.043611111
330,1.048194444
335,1.052777778
340,1.0575
345,1.153888889
350,1.158611111
355,1.163472222
360,1.168333333
365,1.264722222
370,1.269722222
375,1.274722222
380,1.279722222
385,1.376388889
390,1.381388889
395,1.386388889
400,1.391388889
405,1.487916667
410,1.492916667
415,1.497916667
420,1.502916667
425,1.599027778
430,1.603888889
435,1.608888889
440,1.61375
445,1.71
450,1.715
455,1.719861111
460,1.724722222
465,1.821111111
470,1.825972222
475,1.830833333
480,1.835694444
485,1.931944444
490,1.936805556
495,1.941666667
500,1.946527778
505,2.042777778
510,2.047638889
515,2.0525
520,2.057361111
525,2.153611111
530,2.158472222
535,2.163333333
540,2.168194444
545,2.264444444
550,2.269305556
555,2.274166667
560,2.279027778
565,2.375
570,2.379861111
575,2.384722222
580,2.389583333
585,2.485694444
590,2.490555556
595,2.495416667
600,2.500277778
605,2.59625
610,2.601111111
615,2.605972222
620,2.610833333
625,2.706944444
630,2.711805556
635,2.716666667
640,2.721527778
645,2.817916667
650,2.822777778
655,2.827638889
660,2.8325
665,2.928611111
670,2.933472222
675,2.938333333
680,2.943194444
685,3.039166667
690,3.043888889
695,3.048611111
700,3.053333333
705,3.149166667
710,3.153888889
715,3.158611111
720,3.163333333
725,3.259305556
730,3.264027778
735,3.26875
740,3.273472222
745,3.369444444
750,3.374166667
755,3.378888889
760,3.383611111
765,3.479583333
770,3.484305556
775,3.489027778
780,3.49375
785,3.589722222
790,3.594444444
795,3.599166667
800,3.603888889
805,3.699861111
810,3.704583333
815,3.709305556
820,3.714027778
825,3.809583333
830,3.814305556
835,3.819027778
840,3.82375
845,3.919305556
850,3.924027778
855,3.928611111
860,3.933333333
865,4.02875
870,4.033472222
875,4.038194444
880,4.042916667
885,4.138194444
890,4.142777778
895,4.1475
900,4.152222222
905,4.247638889
910,4.252222222
915,4.256805556
920,4.261527778
925,4.357083333
930,4.361666667
935,4.36625
940,4.370972222
945,4.466666667
950,4.47125
955,4.475833333
960,4.480416667
965,4.575972222
970,4.580555556
975,4.585138889
980,4.589722222
985,4.685277778
990,4.689861111
995,4.694444444
1000,4.699027778
1005,4.794583333
1010,4.799166667
1015,4.80375
1020,4.808333333
1025,4.90375
1030,4.908333333
1035,4.912916667
1040,4.9175
1045,5.012916667
1050,5.0175
1055,5.022083333
1060,5.026666667
1065,5.122083333
1070,5.126666667
1075,5.13125
1080,5.135833333
1085,5.23125
1090,5.235833333
1095,5.240416667
1100,5.245
1105,5.340138889
1110,5.344722222
1115,5.349305556
1120,5.353888889
1125,5.449166667
1130,5.45375
1135,5.458333333
1140,5.462916667
1145,5.558055556
1150,5.562638889
1155,5.567222222
1160,5.571805556
1165,5.666944444
1170,5.671527778
1175,5.676111111
1180,5.680694444
1185,5.775277778
1190,5.779722222
1195,5.784305556
1200,5.78875
1205,5.883472222
1210,5.888055556
1215,5.8925
1220,5.896944444
1225,5.991527778
1230,5.995972222
1235,6.000416667
1240,6.004861111
1245,6.099583333
1250,6.104027778
1255,6.108472222
1260,6.112916667
1265,6.206944444
1270,6.211388889
1275,6.215833333
1280,6.220277778
1285,6.314444444
1290,6.318888889
1295,6.323333333
1300,6.327777778
1305,6.421805556
1310,6.42625
1315,6.430694444
1320,6.435138889
1325,6.529583333
1330,6.535277778
1335,6.539722222
1340,6.544166667
1345,6.638055556
1350,6.643888889
1355,6.648333333
1360,6.652777778
1365,6.747222222
1370,6.751666667
1375,6.756111111
1380,6.760555556
1385,6.855277778
1390,6.859722222
1395,6.864166667
1400,6.868611111
1405,6.96375
1410,6.97
1415,6.974444444
1420,6.978888889
1425,7.074027778
1430,7.080138889
1435,7.084583333
1440,7.089027778
1445,7.183888889
1450,7.190138889
1455,7.194583333
1460,7.199027778
1465,7.293888889
1470,7.298194444
1475,7.3025
1480,7.306944444
1485,7.401666667
1490,7.408055556
1495,7.412361111
1500,7.416666667
1505,7.511388889
1510,7.517777778
1515,7.522083333
1520,7.526527778
1525,7.621111111
1530,7.627638889
1535,7.631944444
1540,7.63625
1545,7.730972222
1550,7.735277778
1555,7.739583333
1560,7.743888889
1565,7.838611111
1570,7.845277778
1575,7.849583333
1580,7.853888889
1585,7.948333333
1590,7.983611111
1595,7.987916667
1600,7.992222222
1605,8.086666667
1610,8.09375
1615,8.098055556
1620,8.102361111
1625,8.196944444
1630,8.204305556
1635,8.208611111
1640,8.212916667
1645,8.307638889
1650,8.333888889
1655,8.338194444
1660,8.3425
1665,8.437083333
1670,8.461666667
1675,8.465972222
1680,8.470277778
1685,8.564861111
1690,8.587361111
1695,8.591666667
1700,8.595972222
1705,8.690555556
1710,8.717083333
1715,8.721388889
1720,8.725694444
1725,8.820277778
1730,8.848333333
1735,8.852638889
1740,8.856944444
1745,8.951527778
1750,8.98625
1755,8.990555556
1760,8.994861111
1765,9.089166667
1770,9.180138889
1775,9.184444444
1780,9.18875
1785,9.283055556
1790,9.313333333
1795,9.317638889
1800,9.321944444
1805,9.416388889
1810,9.423333333
1815,9.427638889
1820,9.431944444
1825,9.526388889
1830,9.5575
1835,9.561805556
1840,9.566111111
1845,9.660555556
1850,9.7475
1855,9.751666667
1860,9.755833333
1865,9.850138889
1870,9.877777778
1875,9.881944444
1880,9.886111111
1885,9.980277778
1890,10.00513889
1895,10.00930556
1900,10.01347222
1905,10.10763889
1910,10.19847222
1915,10.20263889
1920,10.20680556
1925,10.30083333
1930,10.39166667
1935,10.39583333
1940,10.4
1945,10.49416667
1950,10.52180556
1955,10.52597222
1960,10.53013889
1965,10.62444444
1970,10.71680556
1975,10.72097222
1980,10.72513889
1985,10.81944444
1990,10.82486111
1995,10.82902778
2000,10.83319444
2005,10.92736111
2010,10.93152778
2015,10.93569444
2020,10.93986111
2025,11.03416667
2030,11.03833333
2035,11.0425
2040,11.04666667
2045,11.14111111
2050,11.14527778
2055,11.14944444
2060,11.15361111
2065,11.24791667
2070,11.25208333
2075,11.25625
2080,11.26041667
2085,11.35305556
2090,11.35722222
2095,11.36138889
2100,11.36555556
2105,11.46013889
2110,11.46430556
2115,11.46847222
2120,11.47263889
2125,11.56194444
2130,11.56611111
2135,11.57027778
2140,11.57444444
2145,11.66555556
2150,11.66972222
2155,11.67388889
2160,11.67805556
2165,11.76986111
2170,11.77402778
2175,11.77819444
2180,11.78236111
2185,11.80736111
2190,11.81152778
2195,11.81569444
2200,11.81986111
2205,11.91277778
2210,11.91694444
2215,11.92111111
2220,11.92527778
2225,11.95569444
2230,11.95986111
2235,11.96402778
2240,11.96819444
2245,11.9975
2250,12.00166667
2255,12.00583333
2260,12.01
2265,12.03666667
2270,12.04083333
2275,12.045
2280,12.04916667
2285,12.08013889
2290,12.08430556
2295,12.08847222
2300,12.09263889
2305,12.11888889
2310,12.12305556
2315,12.12722222
2320,12.13138889
2325,12.15944444
2330,12.16361111
2335,12.16777778
2340,12.17194444
2345,12.19847222
2350,12.20263889
2355,12.20680556
2360,12.21097222
2365,12.24319444
2370,12.24736111
2375,12.25152778
2380,12.25569444
2385,12.26305556
2390,12.26722222
2395,12.27138889
2400,12.27555556
2405,12.28333333
2410,12.2875
2415,12.29166667
2420,12.29583333
2425,12.32347222
2430,12.32763889
2435,12.33180556
2440,12.33597222
2445,12.34194444
2450,12.34611111
2455,12.35027778
2460,12.35444444
2465,12.38458333
2470,12.38875
2475,12.39291667
2480,12.39708333
2485,12.40375
2490,12.40791667
2495,12.41208333
2500,12.41625
2505,12.42347222
2510,12.42763889
2515,12.43180556
2520,12.43597222
2525,12.46527778
2530,12.46944444
2535,12.47361111
2540,12.47777778
2545,12.48347222
2550,12.48763889
2555,12.49180556
2560,12.49597222
2565,12.50208333
2570,12.50625
2575,12.51041667
2580,12.51458333
2585,12.52097222
2590,12.52513889
2595,12.52930556
2600,12.53347222
2605,12.54027778
2610,12.54444444
2615,12.54861111
2620,12.55277778
2625,12.55986111
2630,12.56402778
2635,12.56819444
2640,12.57236111
2645,12.57972222
2650,12.58388889
2655,12.58805556
2660,12.59222222
2665,12.6
2670,12.60416667
2675,12.60833333
2680,12.6125
2685,12.61819444
2690,12.62236111
2695,12.62652778
2700,12.63069444
2705,12.63666667
2710,12.64083333
2715,12.645
2720,12.64916667
2725,12.65555556
2730,12.65972222
2735,12.66388889
2740,12.66805556
2745,12.67486111
2750,12.67902778
2755,12.68319444
2760,12.68736111
2765,12.69458333
2770,12.69875
2775,12.70291667
2780,12.70708333
2785,12.715
2790,12.71916667
2795,12.72333333
2800,12.7275
2805,12.73333333
2810,12.7375
2815,12.74166667
2820,12.74583333
2825,12.75180556
2830,12.75597222
2835,12.76013889
2840,12.76430556
2845,12.77069444
2850,12.77486111
2855,12.77902778
2860,12.78319444
2865,12.79013889
2870,12.79430556
2875,12.79847222
2880,12.80263889
2885,12.80680556
2890,12.81097222
2895,12.81513889
2900,12.81930556
2905,12.82736111
2910,12.83152778
2915,12.83569444
2920,12.83986111
2925,12.84597222
2930,12.85013889
2935,12.85430556
2940,12.85847222
2945,12.86263889
2950,12.86680556
2955,12.87097222
2960,12.87513889
2965,12.87930556
2970,12.88347222
2975,12.88763889
2980,12.89180556
2985,12.89958333
2990,12.90375
2995,12.90791667
3000,12.91208333
3005,12.91777778
3010,12.92194444
3015,12.92611111
3020,12.93027778
3025,12.93638889
3030,12.94055556
3035,12.94472222
3040,12.94888889
3045,12.95305556
3050,12.95722222
3055,12.96138889
3060,12.96555556
3065,12.96972222
3070,12.97388889
3075,12.97805556
3080,12.98222222
3085,12.98638889
3090,12.99055556
3095,12.99472222
3100,12.99888889
3105,13.00694444
3110,13.01111111
3115,13.01527778
3120,13.01944444
3125,13.02527778
3130,13.02944444
3135,13.03361111
3140,13.03777778
3145,13.04194444
3150,13.04611111
3155,13.05027778
3160,13.05444444
3165,13.05861111
3170,13.06277778
3175,13.06694444
3180,13.07111111
3185,13.07833333
3190,13.0825
3195,13.08666667
3200,13.09083333
3205,13.095
3210,13.09916667
3215,13.10333333
3220,13.1075
3225,13.11166667
3230,13.11583333
3235,13.12
3240,13.12416667
3245,13.13055556
3250,13.13472222
3255,13.13888889
3260,13.14305556
3265,13.14722222
3270,13.15138889
3275,13.15555556
3280,13.15972222
3285,13.16388889
3290,13.16805556
3295,13.17222222
3300,13.17638889
3305,13.18472222
3310,13.18888889
3315,13.19305556
3320,13.19722222
3325,13.20138889
3330,13.20555556
3335,13.20972222
3340,13.21388889
3345,13.22041667
3350,13.22458333
3355,13.22875
3360,13.23291667
3365,13.23708333
3370,13.24125
3375,13.24541667
3380,13.24958333
3385,13.25375
3390,13.25791667
3395,13.26208333
3400,13.26625
3405,13.27041667
3410,13.27458333
3415,13.27875
3420,13.28291667
3425,13.28708333
3430,13.29125
3435,13.29541667
3440,13.29958333
3445,13.30625
3450,13.31041667
3455,13.31458333
3460,13.31875
3465,13.32291667
3470,13.32708333
3475,13.33125
3480,13.33541667
3485,13.33958333
3490,13.34375
3495,13.34791667
3500,13.35208333
3505,13.36055556
3510,13.36472222
3515,13.36888889
3520,13.37305556
3525,13.37722222
3530,13.38138889
3535,13.38555556
3540,13.38972222
3545,13.39388889
3550,13.39805556
3555,13.40222222
3560,13.40638889
3565,13.41055556
3570,13.41472222
3575,13.41888889
3580,13.42305556
3585,13.42722222
3590,13.43138889
3595,13.43555556
3600,13.43972222
3605,13.44777778
3610,13.45194444
3615,13.45611111
3620,13.46027778
3625,13.46444444
3630,13.46861111
3635,13.47277778
3640,13.47694444
3645,13.48111111
3650,13.48527778
3655,13.48944444
3660,13.49361111
3665,13.49777778
3670,13.50194444
3675,13.50611111
3680,13.51027778
3685,13.51444444
3690,13.51861111
3695,13.52277778
3700,13.52694444
3705,13.53111111
3710,13.53527778
3715,13.53944444
3720,13.54361111
3725,13.54777778
3730,13.55194444
3735,13.55611111
3740,13.56027778
3745,13.56875
3750,13.57291667
3755,13.57708333
3760,13.58125
3765,13.58541667
3770,13.58958333
3775,13.59375
3780,13.59791667
3785,13.60208333
3790,13.60625
3795,13.61041667
3800,13.61458333
3805,13.61875
3810,13.62291667
3815,13.62708333
3820,13.63125
3825,13.63541667
3830,13.63958333
3835,13.64375
3840,13.64791667
3845,13.65208333
3850,13.65625
3855,13.66041667
3860,13.66458333
3865,13.66875
3870,13.67291667
3875,13.67708333
3880,13.68125
3885,13.68541667
3890,13.68958333
3895,13.69375
3900,13.69791667
3905,13.70208333
3910,13.70625
3915,13.71041667
3920,13.71458333
3925,13.71875
3930,13.72291667
3935,13.72708333
3940,13.73125
3945,13.73541667
3950,13.73958333
3955,13.74375
3960,13.74791667
3965,13.75208333
3970,13.75625
3975,13.76041667
3980,13.76458333
3985,13.76875
3990,13.77291667
3995,13.77708333
4000,13.78125
4005,13.78541667
4010,13.78958333
4015,13.79375
4020,13.79791667
4025,13.80208333
4030,13.80625
4035,13.81041667
4040,13.81458333
4045,13.81875
4050,13.82291667
4055,13.82708333
4060,13.83125
4065,13.83541667
4070,13.83958333
4075,13.84375
4080,13.84791667
4085,13.85208333
4090,13.85625
4095,13.86041667
4100,13.86458333
4105,13.86875
4110,13.87291667
4115,13.87708333
4120,13.88125
4125,13.88541667
4130,13.88958333
4135,13.89375
4140,13.89791667
4145,13.90208333
4150,13.90625
4155,13.91041667
4160,13.91458333
4165,13.91875
4170,13.92291667
4175,13.92708333
4180,13.93125
4185,13.93541667
4190,13.93958333
4195,13.94375
4200,13.94791667
4205,13.95208333
4210,13.95625
4215,13.96041667
4220,13.96458333
4225,13.96875
4230,13.97291667
4235,13.97708333
4240,13.98125
4245,13.98541667
4250,13.98958333
4255,13.99375
4260,13.99791667
4265,14.00208333
4270,14.00625
4275,14.01041667
4280,14.01458333
4285,14.01875
4290,14.02291667
4295,14.02708333
4300,14.03125
4305,14.03541667
4310,14.03958333
4315,14.04375
4320,14.04791667
4325,14.05208333
4330,14.05625
4335,14.06041667
4340,14.06458333
4345,14.06875
4350,14.07291667
4355,14.07708333
4360,14.08125
4365,14.08541667
4370,14.08958333
4375,14.09375
4380,14.09791667
4385,14.10208333
4390,14.10625
4395,14.11041667
4400,14.11458333
4405,14.11875
4410,14.12291667
4415,14.12708333
4420,14.13125
4425,14.13541667
4430,14.13958333
4435,14.14375
4440,14.14791667
4445,14.15208333
4450,14.15625
4455,14.16041667
4460,14.16458333
4465,14.16875
4470,14.17291667
4475,14.17708333
4480,14.18125
4485,14.18541667
4490,14.18958333
4495,14.19375
4500,14.19791667
4505,14.20208333
4510,14.20625
4515,14.21041667
4520,14.21458333
4525,14.21875
4530,14.22291667
4535,14.22708333
4540,14.23125
4545,14.23541667
4550,14.23958333
4555,14.24375
4560,14.24791667
4565,14.25208333
4570,14.25625
4575,14.26041667
4580,14.26458333
4585,14.26875
4590,14.27291667
4595,14.27708333
4600,14.28125
4605,14.28541667
4610,14.28958333
4615,14.29375
4620,14.29791667
4625,14.30208333
4630,14.30625
4635,14.31041667
4640,14.31458333
4645,14.31875
4650,14.32291667
4655,14.32708333
4660,14.33125
4665,14.33541667
4670,14.33958333
4675,14.34375
4680,14.34791667
4685,14.35208333
4690,14.35625
4695,14.36041667
4700,14.36458333
4705,14.36875
4710,14.37291667
4715,14.37708333
4720,14.38125
4725,14.38541667
4730,14.38958333
4735,14.39375
4740,14.39791667
4745,14.40208333
4750,14.40625
4755,14.41041667
4760,14.41458333
4765,14.41875
4770,14.42291667
4775,14.42708333
4780,14.43125
4785,14.43541667
4790,14.43958333
4795,14.44375
4800,14.44791667
4805,14.45208333
4810,14.45625
4815,14.46041667
4820,14.46458333
4825,14.46875
4830,14.47291667
4835,14.47708333
4840,14.48125
4845,14.48541667
4850,14.48958333
4855,14.49375
4860,14.49791667
4865,14.50208333
4870,14.50625
4875,14.51041667
4880,14.51458333
4885,14.51875
4890,14.52291667
4895,14.52708333
4900,14.53125
4905,14.53541667
4910,14.53958333
4915,14.54375
4920,14.54791667
4925,14.55208333
4930,14.55625
4935,14.56041667
4940,14.56458333
4945,14.56875
4950,14.57291667
4955,14.57708333
4960,14.58125
4965,14.58541667
4970,14.58958333
4975,14.59375
4980,14.59791667
4985,14.60208333
4990,14.60625
4995,14.61041667
5000,14.61458333
5005,14.61875
5010,14.62291667
5015,14.62708333
5020,14.63125
5025,14.63541667
5030,14.63958333
5035,14.64375
5040,14.64791667
5045,14.65208333
5050,14.65625
5055,14.66041667
5060,14.66458333
5065,14.66875
5070,14.67291667
5075,14.67708333
5080,14.68125
5085,14.68541667
5090,14.68958333
5095,14.69375
5100,14.69791667
5105,14.70208333
5110,14.70625
5115,14.71041667
5120,14.71458333
5125,14.71875
5130,14.72291667
5135,14.72708333
5140,14.73125
5145,14.73541667
5150,14.73958333
5155,14.74375
5160,14.74791667
5165,14.75208333
5170,14.75625
5175,14.76041667
5180,14.76458333
5185,14.76875
5190,14.77291667
5195,14.77708333
5200,14.78125
5205,14.78541667
5210,14.78958333
5215,14.79375
5220,14.79791667
5225,14.80208333
5230,14.80625
5235,14.81041667
5240,14.81458333
5245,14.81875
5250,14.82291667
5255,14.82708333
5260,14.83125
5265,14.83541667
5270,14.83958333
5275,14.84375
5280,14.84791667
5285,14.85208333
5290,14.85625
5295,14.86041667
5300,14.86458333
5305,14.86875
5310,14.87291667
5315,14.87708333
5320,14.88125
5325,14.88541667
5330,14.88958333
5335,14.89375
5340,14.89791667
5345,14.90208333
5350,14.90625
5355,14.91041667
5360,14.91458333
5365,14.91875
5370,14.92291667
5375,14.92708333
5380,14.93125
5385,14.93541667
5390,14.93958333
5395,14.94375
5400,14.94791667
5405,14.95208333
5410,14.95625
5415,14.96041667
5420,14.96458333
5425,14.96875
5430,14.97291667
5435,14.97708333
5440,14.98125
5445,14.98541667
5450,14.98958333
5455,14.99375
5460,14.99791667
5465,15.00208333
5470,15.00625
5475,15.01041667
5480,15.01458333
5485,15.01875
5490,15.02291667
5495,15.02708333
5500,15.03125
5505,15.03541667
5510,15.03958333
5515,15.04375
5520,15.04791667
5525,15.05208333
5530,15.05625
5535,15.06041667
5540,15.06458333
5545,15.06875
5550,15.07291667
5555,15.07708333
5560,15.08125
5565,15.08541667
5570,15.08958333
5575,15.09375
5580,15.09791667
5585,15.10208333
5590,15.10625
5595,15.11041667
5600,15.11458333
5605,15.11875
5610,15.12291667
5615,15.12708333
5620,15.13125
5625,15.13541667
5630,15.13958333
5635,15.14375
5640,15.14791667
5645,15.15208333
5650,15.15625
5655,15.16041667
5660,15.16458333
5665,15.16875
5670,15.17402778
5675,15.17819444
5680,15.18236111
5685,15.18652778
5690,15.19069444
5695,15.19486111
5700,15.19902778
5705,15.20319444
5710,15.20736111
5715,15.21152778
5720,15.21569444
5725,15.21986111
5730,15.22402778
5735,15.22819444
5740,15.23236111
5745,15.23652778
5750,15.24069444
5755,15.24486111
5760,15.24902778
5765,15.25319444
5770,15.25736111
5775,15.26152778
5780,15.26569444
5785,15.26986111
5790,15.27402778
5795,15.27819444
5800,15.28236111
5805,15.28652778
5810,15.29069444
5815,15.29486111
5820,15.29902778
5825,15.30319444
5830,15.30736111
5835,15.31152778
5840,15.31569444
5845,15.31986111
5850,15.32402778
5855,15.32819444
5860,15.33236111
5865,15.33652778
5870,15.34069444
5875,15.34486111
5880,15.34902778
5885,15.35319444
5890,15.35736111
5895,15.36152778
5900,15.36569444
5905,15.36986111
5910,15.37402778
5915,15.37819444
5920,15.38236111
5925,15.38652778
5930,15.39069444
5935,15.39486111
5940,15.39902778
5945,15.40319444
5950,15.40736111
5955,15.41152778
5960,15.41569444
5965,15.41986111
5970,15.42402778
5975,15.42819444
5980,15.43236111
5985,15.43652778
5990,15.44069444
5995,15.44486111
6000,15.44902778
6005,15.45319444
6010,15.45736111
6015,15.46152778
6020,15.46569444
6025,15.46986111
6030,15.47402778
6035,15.47819444
6040,15.48236111
6045,15.48652778
6050,15.49069444
6055,15.49486111
6060,15.49902778
6065,15.50319444
6070,15.50736111
6075,15.51152778
6080,15.51569444
6085,15.51986111
6090,15.52402778
6095,15.52819444
6100,15.53236111
6105,15.53652778
6110,15.54069444
6115,15.54486111
6120,15.54902778
6125,15.55319444
6130,15.55736111
6135,15.56152778
6140,15.56569444
6145,15.56986111
6150,15.57402778
6155,15.57819444
6160,15.58236111
6165,15.58652778
6170,15.59069444
6175,15.59486111
6180,15.59902778
6185,15.60319444
6190,15.60736111
6195,15.61152778
6200,15.61569444
6205,15.61986111
6210,15.62402778
6215,15.62819444
6220,15.63236111
6225,15.63652778
6230,15.64069444
6235,15.64486111
6240,15.64902778
6245,15.65319444
6250,15.65736111
6255,15.66152778
6260,15.66569444
6265,15.66986111
6270,15.67402778
6275,15.67819444
6280,15.68236111
6285,15.68652778
6290,15.69069444
6295,15.69486111
6300,15.69902778
6305,15.70319444
6310,15.70736111
6315,15.71152778
6320,15.71569444
6325,15.71986111
6330,15.72402778
6335,15.72819444
6340,15.73236111
6345,15.73652778
6350,15.74069444
6355,15.74486111
6360,15.74902778
6365,15.75319444
6370,15.75736111
6375,15.76152778
6380,15.76569444
6385,15.76986111
6390,15.77402778
6395,15.77819444
6400,15.78236111
6405,15.78652778
6410,15.79069444
6415,15.79486111
6420,15.79916667
6425,15.80333333
6430,15.8075
6435,15.81166667
6440,15.81583333
6445,15.82
6450,15.82416667
6455,15.82833333
6460,15.8325
6465,15.83666667
6470,15.84083333
6475,15.845
6480,15.84916667
6485,15.85333333
6490,15.8575
6495,15.86166667
6500,15.86583333
6505,15.87013889
6510,15.87430556
6515,15.87847222
6520,15.88263889
6525,15.88680556
6530,15.89097222
6535,15.89513889
6540,15.89930556
6545,15.90347222
6550,15.90763889
6555,15.91194444
6560,15.91611111
6565,15.92027778
6570,15.92444444
6575,15.92861111
6580,15.93277778
6585,15.93694444
6590,15.94111111
6595,15.94527778
6600,15.94958333
6605,15.95388889
6610,15.95805556
6615,15.96222222
6620,15.96638889
6625,15.97055556
6630,15.97472222
6635,15.97888889
6640,15.98319444
6645,15.98736111
6650,15.99152778
6655,15.99583333
6660,16
6665,16.00416667
6670,16.00833333
6675,16.0125
6680,16.01666667
6685,16.02083333
6690,16.025
6695,16.02916667
6700,16.03333333
6705,16.03763889
6710,16.04180556
6715,16.04597222
6720,16.05013889
6725,16.05430556
6730,16.05847222
6735,16.06263889
6740,16.06680556
6745,16.07097222
6750,16.07513889
6755,16.07930556
6760,16.08347222
6765,16.08763889
6770,16.09194444
6775,16.09611111
6780,16.10041667
6785,16.10472222
6790,16.10888889
6795,16.11305556
6800,16.11722222
6805,16.12138889
6810,16.12555556
6815,16.12986111
6820,16.13402778
6825,16.13819444
6830,16.14236111
6835,16.14652778
6840,16.15069444
6845,16.15486111
6850,16.15902778
6855,16.16319444
6860,16.16736111
6865,16.17152778
6870,16.17569444
6875,16.17986111
6880,16.18402778
6885,16.18819444
6890,16.19236111
6895,16.19652778
6900,16.20069444
6905,16.20486111
6910,16.20902778
6915,16.21319444
6920,16.21736111
6925,16.22152778
6930,16.22569444
6935,16.22986111
6940,16.23402778
6945,16.23819444
6950,16.24236111
6955,16.24652778
6960,16.25069444
6965,16.25486111
6970,16.25902778
6975,16.26319444
6980,16.26736111
6985,16.27152778
6990,16.27569444
6995,16.27986111
7000,16.28402778
7005,16.28819444
7010,16.29236111
7015,16.29652778
7020,16.30069444
7025,16.30486111
7030,16.30902778
7035,16.31319444
7040,16.31736111
7045,16.32152778
7050,16.32569444
7055,16.32986111
7060,16.33402778
7065,16.33819444
7070,16.34236111
7075,16.34652778
7080,16.35069444
7085,16.355
7090,16.35916667
7095,16.36333333
7100,16.3675
7105,16.37166667
7110,16.37583333
7115,16.38
7120,16.38416667
7125,16.38833333
7130,16.3925
7135,16.39666667
7140,16.40083333
7145,16.405
7150,16.40916667
7155,16.41333333
7160,16.4175
7165,16.42166667
7170,16.42583333
7175,16.43
7180,16.43416667
7185,16.43833333
7190,16.4425
7195,16.44666667
7200,16.45083333
7205,16.455
7210,16.45916667
7215,16.46333333
7220,16.4675
7225,16.47166667
7230,16.47583333
7235,16.48
7240,16.48416667
7245,16.48847222
7250,16.49263889
7255,16.49680556
7260,16.50097222
7265,16.50513889
7270,16.50930556
7275,16.51347222
7280,16.51763889
7285,16.52180556
7290,16.52597222
7295,16.53013889
7300,16.53430556
7305,16.53847222
7310,16.54263889
7315,16.54680556
7320,16.55097222
7325,16.55513889
7330,16.55930556
7335,16.56347222
7340,16.56763889
7345,16.57180556
7350,16.57597222
7355,16.58013889
7360,16.58430556
7365,16.58861111
7370,16.59277778
7375,16.59694444
7380,16.60111111
7385,16.60527778
7390,16.60944444
7395,16.61361111
7400,16.61777778
7405,16.62194444
7410,16.62611111
7415,16.63027778
7420,16.63444444
7425,16.63861111
7430,16.64277778
7435,16.64694444
7440,16.65111111
7445,16.65527778
7450,16.65944444
7455,16.66361111
7460,16.66777778
7465,16.67194444
7470,16.67611111
7475,16.68027778
7480,16.68444444
7485,16.68861111
7490,16.69277778
7495,16.69694444
7500,16.70111111
7505,16.70527778
7510,16.70944444
7515,16.71361111
7520,16.71777778
7525,16.72194444
7530,16.72611111
7535,16.73027778
7540,16.73444444
7545,16.73861111
7550,16.74277778
7555,16.74708333
7560,16.75125
7565,16.75541667
7570,16.75972222
7575,16.76402778
7580,16.76833333
7585,16.77263889
7590,16.77694444
7595,16.78111111
7600,16.78527778
7605,16.78958333
7610,16.79388889
7615,16.79819444
7620,16.8025
7625,16.80680556
7630,16.81111111
7635,16.81541667
7640,16.81972222
7645,16.82402778
7650,16.82833333
7655,16.83263889
7660,16.83694444
7665,16.84125
7670,16.84555556
7675,16.84986111
7680,16.85416667
7685,16.85847222
7690,16.86277778
7695,16.86708333
7700,16.87138889
7705,16.87569444
7710,16.88
7715,16.88430556
7720,16.88861111
7725,16.89291667
7730,16.89722222
7735,16.90152778
7740,16.90583333
7745,16.91013889
7750,16.91444444
7755,16.91875
7760,16.92305556
7765,16.92736111
7770,16.93166667
7775,16.93597222
7780,16.94027778
7785,16.94458333
7790,16.94888889
7795,16.95319444
7800,16.9575
7805,16.96180556
7810,16.96611111
7815,16.97041667
7820,16.97472222
7825,16.97902778
7830,16.98333333
7835,16.98763889
7840,16.99194444
7845,16.99625
7850,17.00055556
7855,17.00486111
7860,17.00916667
7865,17.01347222
7870,17.01777778
7875,17.02208333
7880,17.02638889
7885,17.03069444
7890,17.035
7895,17.03930556
7900,17.04361111
7905,17.04791667
7910,17.05222222
7915,17.05652778
7920,17.06083333
7925,17.06513889
7930,17.06958333
7935,17.07402778
7940,17.07847222
7945,17.08291667
7950,17.08736111
7955,17.09180556
7960,17.09625
7965,17.10069444
7970,17.10513889
7975,17.10958333
7980,17.11402778
7985,17.11847222
7990,17.12291667
7995,17.12736111
8000,17.13180556
8005,17.13625
8010,17.14069444
8015,17.14513889
8020,17.14958333
8025,17.15402778
8030,17.15847222
8035,17.16291667
8040,17.16736111
8045,17.17180556
8050,17.17625
8055,17.18069444
8060,17.18513889
8065,17.18958333
8070,17.19402778
8075,17.19847222
8080,17.20291667
8085,17.20736111
8090,17.21180556
8095,17.21625
8100,17.22069444
8105,17.22513889
8110,17.22958333
8115,17.23402778
8120,17.23847222
8125,17.24291667
8130,17.24736111
8135,17.25180556
8140,17.25625
8145,17.26069444
8150,17.26513889
8155,17.26958333
8160,17.27402778
8165,17.27847222
8170,17.28291667
8175,17.28736111
8180,17.29180556
8185,17.29625
8190,17.30069444
8195,17.30513889
8200,17.30958333
8205,17.31402778
8210,17.31847222
8215,17.32291667
8220,17.32736111
8225,17.33180556
8230,17.33625
8235,17.34069444
8240,17.34513889
8245,17.34958333
8250,17.35402778
8255,17.35847222
8260,17.36291667
8265,17.36736111
8270,17.37180556
8275,17.37625
8280,17.38069444
8285,17.38513889
8290,17.38958333
8295,17.39402778
8300,17.39847222
8305,17.40277778
8310,17.40708333
8315,17.41138889
8320,17.41569444
8325,17.41986111
8330,17.42402778
8335,17.42819444
8340,17.43222222
8345,17.43625
8350,17.44027778
8355,17.44416667
8360,17.44805556
8365,17.45194444
8370,17.45569444
8375,17.45944444
8380,17.46319444
8385,17.46694444
8390,17.47055556
8395,17.47416667
8400,17.47777778
8405,17.48125
8410,17.48472222
8415,17.48819444
8420,17.49152778
8425,17.49486111
8430,17.49819444
8435,17.50138889
8440,17.50458333
8445,17.50777778
8450,17.51097222
8455,17.51402778
8460,17.51708333
8465,17.52013889
8470,17.52305556
8475,17.52597222
8480,17.52888889
8485,17.53166667
8490,17.53444444
8495,17.53722222
8500,17.53986111
8505,17.5425
8510,17.54513889
8515,17.54777778
8520,17.55027778
8525,17.55277778
8530,17.55527778
8535,17.55763889
8540,17.56
8545,17.56236111
8550,17.56458333
8555,17.56680556
8560,17.56902778
8565,17.57125
8570,17.57333333
8575,17.57541667
8580,17.5775
8585,17.57958333
8590,17.58166667
8595,17.58361111
8600,17.58555556
8605,17.5875
8610,17.58944444
8615,17.59138889
8620,17.59319444
8625,17.595
8630,17.59680556
8635,17.59861111
8640,17.60041667
8645,17.60208333
8650,17.60375
8655,17.60541667
8660,17.60708333
8665,17.60875
8670,17.61041667
8675,17.61194444
8680,17.61347222
8685,17.615
8690,17.61652778
8695,17.61805556
8700,17.61958333
8705,17.62111111
8710,17.62263889
8715,17.62416667
8720,17.62569444
8725,17.62708333
8730,17.62847222
8735,17.62986111
8740,17.63125
8745,17.63263889
8750,17.63402778
8755,17.63541667
8760,17.63680556
8765,17.63819444
8770,17.63958333
8775,17.64097222
8780,17.64236111
8785,17.64375
8790,17.64513889
8795,17.64652778
8800,17.64791667
8805,17.64930556
8810,17.64930556
8815,17.64930556
8820,17.64930556
